sp,n,factor,Wright_WD,growthsurv,pca2,pft3,pft5,altwd,RGR95,sm,lma,ldmc,N_shade,N_sun,P_shade,P_sun,wind
swars1,0,NA,0.77270353,3.941816213,1.064186569,3,1,0.844,0.058913552,NA,76.32052147,0.427476327,3.177023555,2.496432268,0.966681619,1.002630016,0
hybapr,1,5.022831292,0.580445494,1.852728832,-1.794656142,3,1,0.67,0.063456586,0.02774,43.15576534,0.271028886,3.612241453,NA,1.384916283,NA,0
aegipa,2,NA,0.4558328,-0.506814552,-1.048671018,2,4,0.657,0.138716029,NA,31.00215137,0.245004886,3.993180166,NA,2.26315515,NA,#N/A
beilpe,3,0.522808599,0.527503989,0.829889549,1.118922991,3,3,0.574,0.077631815,6.817824,69.84715666,0.31605966,1.708041044,1.533725633,0.815856971,0.702771971,1
faraoc,4,13.42275761,0.609443794,1.405877096,0.546496903,3,1,0.588,0.087931995,0.325216,63.74261836,0.383305821,1.922350764,NA,0.867770253,NA,0
tet2pa,5,8.122797415,0.588927298,1.408346221,0.478442221,3,1,0.717,0.08128115,0.4027125,74.75462651,0.480005808,1.568800171,1.384929778,0.729561318,0.788557941,0
des2pa,6,8.122818302,0.536031328,1.731824976,-1.118780914,3,1,0.764,0.07113394,0.180868261,57.226343,0.33606704,2.42500823,NA,1.069901666,NA,1
crotbi,7,-53.07756923,0.478425261,-4.628285216,-1.194159578,1,2,0.516,0.312347937,NA,34.95167453,0.21716212,3.445751954,2.832708054,1.766558433,1.560137057,1
alsebl,8,6.822814841,0.577973969,2.366613107,0.85390399,3,1,0.536,0.07433822,0.000082,39.55945156,0.265018207,3.549719041,3.140106123,1.28398058,1.195203361,1
ouralu,9,8.722872385,0.802322762,3.402976788,-1.502884716,3,1,0.727,0.050006766,0.15243,103.4502135,0.467262587,1.390230508,NA,0.663283848,NA,0
mourmy,10,4.122840678,0.788029779,1.641429415,-1.710324537,3,4,0.834,0.065513049,0.05599,76.17442122,0.436224819,1.648490671,1.756021215,0.705741663,0.758263355,0
ocotob,11,NA,0.391162516,-2.910795093,0.823269504,1,2,0.386,0.250128393,NA,51.72510677,0.299435579,2.547038718,2.698398653,0.896433401,1.120462398,0
paligu,12,-60.77739532,0.319528354,-4.328637442,-1.266471496,1,2,0.54,0.24891973,0.009560333,42.4065333,0.364911038,3.429541007,NA,1.014245011,NA,0
solaha,13,NA,0.406959919,-4.432469633,-1.039611644,1,2,0.422,0.32861156,NA,52.59608901,0.231017118,3.047639608,2.698830128,1.726404695,1.178752589,0
quaras,14,NA,0.468114661,1.051243015,1.795927703,3,3,0.454,0.084869409,0.210805833,47.83846557,0.291754089,2.473526001,2.449650049,1.233029627,1.904843902,0
gustsu,15,NA,0.612491625,0.798353102,2.17812402,3,3,0.58,0.142573103,13.10967996,44.69169102,0.262536933,3.106857288,3.557344377,1.724169403,1.996954595,0
pterro,16,1.322773954,0.49569201,0.744324491,-0.531666938,2,5,0.58,0.099416339,0.3003,27.32556273,0.252253315,3.447452718,3.151924849,1.452732324,1.575925323,0
virosu,17,NA,0.407319298,-0.799926449,3.072986734,1,3,0.473,0.099478751,2.252516,49.5392223,0.280286824,2.092113161,1.828209997,0.76969064,0.805052629,0
simaam,18,-21.07736763,0.389849281,-2.394194546,0.429488121,1,2,0.385,0.189867978,0.146713333,42.70622612,0.276380778,2.407929182,1.662619591,0.990441872,0.725992085,0
protte,19,NA,0.586264214,0.990530786,0.664632891,3,1,0.57,0.096254976,0.166455333,59.90110137,0.414862876,1.544675327,1.5034756,0.7438076,0.803696489,0
brosal,20,21.22275518,0.671531363,1.535175861,2.203380625,3,3,0.608,0.085988767,1.6432975,48.12317375,0.359375504,2.39923242,2.296865959,1.195029973,1.264266864,1
ingape,21,NA,0.512244739,-1.485468002,-0.253868934,1,2,0.606,0.20732005,NA,45.44092305,0.352531359,3.228426986,3.282776871,0.980710852,1.132024475,0
poular,22,-13.17731696,0.315328296,-1.706667605,1.034282451,1,2,0.35,0.151994943,0.042588889,55.83277141,0.269784231,1.665841719,1.815733837,1.051632199,1.105141923,0
casear,23,NA,0.562365523,-2.494637634,0.822147528,1,2,0.574,0.187662429,0.001475,27.47808496,0.267545038,3.648183208,2.637495927,1.496943979,1.311471779,1
hirttr,24,9.322764014,0.606175461,1.39448264,0.492097244,3,1,0.683,0.086168402,0.258372,50.92436503,0.395915709,1.560606189,1.656720424,0.678668983,0.758722126,0
ocotwh,25,-26.07724509,0.426338778,-2.173591997,1.518168174,1,2,0.526,0.16926372,NA,68.32996179,0.40374554,1.658298174,1.702207962,0.77236454,0.884559483,0
guatdu,26,-6.577269753,0.446201315,-0.762298279,0.570616657,1,2,0.466,0.137592744,0.05263,49.86139207,0.323254383,2.236879925,1.978722541,0.816307257,0.813969382,1
anacex,27,NA,0.420666804,-1.202751661,2.825274078,1,3,0.391,0.107661225,2.3829825,43.60530456,0.260450784,1.650374825,1.523652767,1.286475178,1.031092196,1
tri2tu,28,5.722831728,0.691552827,1.000261405,0.019257088,3,1,0.628,0.073408261,0.181655333,57.83322095,0.356268544,2.322491079,2.555180704,1.25036158,1.790737442,0
guarsp,29,-2.877140471,0.667748457,0.928244144,-1.685149955,3,4,0.561,0.060978494,NA,76.08451337,0.327287239,2.234075069,1.484521159,1.33087658,1.003351739,1
guargu,30,4.622788275,0.560028931,1.168351581,0.373125937,3,1,0.568,0.090101971,NA,56.23735671,0.292422484,2.902275708,2.797889948,1.766035355,1.639505011,0
zantpr,31,-7.9773797,0.579137381,-2.108813744,0.344673821,1,2,0.609,0.158464748,NA,68.5547314,0.356201328,2.132655683,2.091929214,0.67757838,0.924009122,0
termob,32,NA,0.634250897,-0.108635705,2.502446953,2,3,0.694,0.127070437,0.009755556,29.51974226,0.339669514,2.343048064,2.48115676,1.297273338,1.682842528,0
guazul,33,NA,0.494623918,-1.940684141,2.316453403,1,3,0.522,0.221920563,0.001625,37.81748708,0.252593721,2.653227392,2.625957883,1.77180808,1.448506423,1
tab1ro,34,-6.377223876,0.488671865,0.057820453,0.075649528,2,5,0.53,0.107157927,0.0286725,37.25556305,0.227852998,2.23941333,2.038773911,1.361400854,1.490880244,0
sloate,35,14.52285444,0.814739155,2.250778197,0.749789538,3,1,0.625,0.045702634,NA,54.05709148,0.467275213,1.67815125,1.23856616,0.903793747,0.89556777,0
alchco,36,NA,0.393048399,-2.305442681,1.098340551,1,2,0.301,0.221064417,0.023023333,61.19352664,0.403731438,2.41065127,2.143779039,1.274016889,1.322407027,#N/A
loncla,37,-2.077221531,0.666150017,0.250217319,-0.059152728,2,5,0.687,0.098523503,0.07884,42.20049449,0.295086428,3.458909515,2.724404097,1.301079996,1.172055552,0
luehse,38,NA,0.571630422,-1.447104439,1.695794368,1,3,0.417,0.17148329,0.001025,58.4775605,0.374379883,2.237526583,2.251487249,1.460124015,1.286669074,0
tripcu,39,NA,0.528769755,-0.323609707,1.500961946,2,3,0.52,0.194623417,0.061,40.75822282,0.298660937,2.710697465,2.74153805,1.282881932,1.524314693,1
cecrob,40,NA,0.304733394,-4.98876997,0.496640914,1,2,0.307,0.462290186,NA,NA,NA,NA,2.527230722,NA,1.406410191,#N/A
licapl,41,5.222828433,0.681527318,0.729644152,-0.453990738,2,5,0.62,0.074768748,8.553424,70.09065708,0.385741313,1.464333652,1.784033,0.82872516,1.235781717,0
eugeco,42,0.522817882,0.693421672,0.413318081,-0.632399382,2,5,0.726,0.085288808,0.149970625,84.83804101,0.388981875,1.707199923,1.877942357,0.952525822,1.104593902,1
heisco,43,19.02273557,0.718525656,1.103511624,1.709351574,3,3,0.64,0.083731629,0.24356,101.1322769,0.446573269,2.459312402,2.481504447,0.991728933,1.252609168,0
eugene,44,11.22282156,0.731548716,2.670584245,-0.519319067,3,1,0.726,0.061283023,0.650243333,53.94470668,0.389214383,2.469119049,NA,0.871978379,NA,#N/A
pri2co,45,17.92278495,0.391034007,1.481018795,2.553103945,3,3,0.414,0.070262795,36.922946,77.84520866,0.396464887,2.015714169,2.016191878,1.362457759,1.18377461,0
sponra,46,NA,0.362772143,-1.821080065,0.934176711,1,2,0.431,0.196562502,0.021705,48.4378512,0.231912894,2.158692095,1.818736722,1.549166276,1.139041176,0
poutre,47,-1.377160756,0.760806421,1.001140118,0.264427373,3,1,0.794,0.068774374,0.313747,50.66681651,0.371031643,2.441519754,2.39023947,0.855815787,1.092807458,0
guapst,48,NA,0.51103538,-0.623499216,2.398892793,2,3,0.599,0.125541264,0.124633333,38.03101821,0.183618222,3.977175364,3.726715485,1.371172975,1.623050144,1
cordbi,49,-34.87743258,0.373401035,-1.356070914,0.516912781,1,2,0.475,0.214359976,0.029638333,41.80714767,0.321974605,2.758000638,2.138703512,1.389789406,0.965231691,#N/A
zantbe,50,NA,0.435442308,-4.561214085,1.011369691,1,2,0.609,0.369809163,NA,52.25893459,0.341606478,3.058278833,2.596682822,1.819603065,1.598637501,0
annosp,51,NA,0.425789773,-3.575051205,-0.390816437,1,2,0.559,0.264874241,0.034178472,31.38345696,0.295398074,2.69915687,2.543298278,1.680706458,1.223765719,#N/A
tab2ar,52,6.922728704,0.537870046,0.864078742,1.323251721,3,3,0.525,0.132351676,0.096471875,32.92874803,0.187894026,2.977145669,2.870269777,1.322474112,1.951041629,0
jac1co,53,NA,0.374366496,-2.760136325,2.425723213,1,2,0.351,0.297700398,0.002565483,48.14565071,0.37467289,2.569488071,2.703646316,1.018881991,0.919578921,1
zantp1,54,-25.1773241,0.55206339,-2.303972164,0.212834566,1,2,0.49,0.204176064,0.00206,38.3606803,0.272179005,2.968560305,2.493115648,1.506344663,1.323286579,0
chr2ar,55,7.722754398,0.736321431,1.333129397,0.358646289,3,1,0.765,0.101167489,0.128505,64.47676846,0.319375181,1.950998973,1.392058839,0.880809596,0.631740303,#N/A
eugeoe,56,-2.677215274,0.655528713,-0.232689268,-0.771233123,2,4,0.726,0.101412318,NA,54.408294,0.407017633,1.888059899,2.116919951,0.913371093,1.232857997,1
huracr,57,NA,NA,-0.576337481,3.058071338,2,3,0.367,0.169112904,NA,27.64666217,0.197731985,3.719409245,2.91924209,2.755045696,2.065313824,1
sapiau,58,NA,0.50156732,-2.580863452,0.104201051,1,2,0.415,0.16742244,0.011856667,41.58237806,0.162164051,2.44447279,2.286672489,2.288792977,1.732131872,1
apeime,59,NA,0.321387556,-2.124953673,1.865922017,1,2,0.278,0.283800206,0.005061,24.35004121,0.244722174,2.853684144,2.026176582,1.208364895,0.962391435,#N/A
ficuyo,60,NA,0.342293186,-0.335877339,2.272715038,2,3,0.424,0.220592932,NA,NA,NA,NA,2.483259205,NA,1.318482725,0
ingago,61,-0.37719594,0.557092339,-0.57330374,-0.146901203,2,5,0.581,0.107135371,0.9405625,51.92178018,0.357698665,2.55805206,2.75481537,0.833797688,0.826037097,0
ceibpe,62,NA,0.304500544,-2.284782293,2.119479813,1,2,0.305,0.408298864,0.0272625,NA,NA,NA,1.903208994,NA,1.27745833,0
cavapl,63,NA,0.197714953,-0.665216316,3.161738995,2,3,0.36,0.2157335,0.479384,29.55720387,0.171126059,2.501837948,2.597814012,2.176065689,2.410128143,1
chr2ca,64,NA,0.776838438,1.402746512,0.505017108,3,1,0.655,0.116544722,0.27280975,53.83232187,0.314894228,2.262806679,1.633443872,0.970475851,0.774490191,0
lindla,65,NA,0.693259135,-0.686811876,0.987588826,2,3,0.56,0.085273739,0.055690586,66.78467071,0.389504572,1.924234739,1.991276991,0.963986696,1.333624607,1
virose,66,3.822734731,0.487343249,0.188818945,0.873726113,2,3,0.445,0.092945148,0.146951,60.06165109,0.322605848,2.233444607,2.0909649,0.818680093,1.011414804,0
pla1pi,67,NA,0.760593927,-0.518615435,0.10994218,2,5,0.721,0.125237888,0.214554667,33.37828726,0.2588141,4.12622196,2.865443468,1.757201826,1.70552189,0
lacmpa,68,NA,0.502221027,0.380058791,2.738550577,2,3,0.472,0.142275373,0.517795667,52.59608901,0.306370972,2.117828003,1.721501621,1.03919773,0.826800108,0
drypst,69,12.42281601,0.617793046,1.705172215,0.950980651,3,1,0.675,0.067846677,0.17130375,80.14642135,0.37520127,1.73013357,1.616988084,0.848654738,0.815025521,0
myrofr,70,NA,0.874846019,0.43437738,0.404481661,2,5,0.83,0.086117876,NA,33.37828726,0.297878549,3.210707183,2.597681356,1.500941074,1.486084943,0
ingaco,71,NA,0.666574415,-1.751158629,-0.086124897,1,2,0.581,0.167299305,0.305573438,58.67735571,0.443067277,2.598225354,NA,0.930335891,NA,0
posola,72,NA,0.640987889,1.865280693,0.739336264,3,1,0.57,0.065892077,0.428875833,64.08743538,0.268238367,1.811737991,1.381284321,0.872249127,1.249188339,0
casesy,73,NA,0.661614721,-0.459049083,-0.627459579,2,5,0.703,0.120962384,NA,70.40908069,0.390468264,2.557334003,2.529033712,0.807303052,1.047050708,1
amaico,74,NA,0.67762665,0.71341707,0.518801162,2,5,0.625,0.057952431,0.009435,62.84558328,0.386912653,1.793114449,2.656977067,0.637019833,1.373406896,#N/A
pla2el,75,NA,0.702509127,-1.251569584,0.684140715,1,2,0.806,0.140572001,0.575356,36.11298419,0.291651188,4.712702557,4.237008399,1.800457403,1.798988819,0
cordal,76,NA,0.455437259,-2.520928208,1.454215244,1,2,0.517,0.293350579,0.006928333,30.45628231,0.230891135,4.014675547,3.545549346,1.593461828,1.723548027,0
dio2ar,77,NA,0.640629878,1.29780308,1.524117209,3,3,0.697,0.116778464,NA,79.30152843,0.415715672,1.850833568,1.762744374,0.728202785,0.723642011,0
tratas,78,NA,0.438656897,-1.648583413,1.405131454,1,2,0.424,0.25808989,0.009743333,54.61901551,0.326422015,1.981181836,1.851345055,1.105518179,1.067956049,0
colugl,79,NA,0.644380492,-0.811104602,0.859101934,1,3,0.739,0.156332287,NA,52.59608901,0.28488569,2.803166292,NA,1.226931497,NA,0
apeiti,80,NA,0.342506375,-1.766821001,0.677146948,1,2,0.2,0.307700655,0.002042083,39.81231737,0.294635739,2.782611089,2.581266395,1.061744109,1.287585833,0
gar2in,81,17.32280513,0.653861658,1.810196115,-0.123744359,3,1,0.662,0.064274446,0.7896544,102.2327115,0.44474924,1.34586604,1.237360239,0.702353091,0.771279428,1
poutst,82,NA,NA,1.154213519,1.431522323,3,3,0.714,0.085132794,1.207230417,58.61991459,0.423603719,3.571357121,3.537875964,0.990342994,1.318273362,0
tab1gu,83,NA,0.789818795,1.223787363,1.6983626,3,3,0.618,0.056312601,0.023605,22.92650034,0.219704512,4.247908183,3.968192261,1.937629098,1.509088219,0
ingafa,84,NA,0.675619396,-0.100919211,0.634858876,2,5,0.653,0.128309085,0.410407,72.34370485,0.428541146,2.577600479,2.40033817,0.912620215,0.803373225,0
sch1zo,85,NA,0.282206311,NA,NA,NA,NA,NA,NaN,1.49198375,NA,NA,NA,NA,NA,NA,0
sterap,86,NA,0.439252787,-0.154206555,2.172900309,2,3,0.388,0.124647379,1.41156875,36.3002922,0.274751233,2.816882219,2.151228825,1.527115546,1.248408498,0
cassel,87,17.32277032,0.659964232,1.597096368,0.726691174,3,1,0.637,0.083698464,0.006468333,75.41020454,0.350903667,2.065748298,2.394938301,0.824147763,0.870123217,0
calolo,88,2.122767158,0.54056402,-0.16329861,0.150004055,2,5,0.542,0.110631955,3.953775,85.63722185,0.331733706,1.075718507,1.094807029,0.501616352,0.482540954,1
hyeral,89,NA,0.584981498,-0.940756417,1.637233272,1,3,0.509,0.21188805,0.00162,35.19892111,0.194160936,2.14584065,1.853612204,1.391966138,1.212630997,0
zuelgu,90,NA,0.618291782,-0.757186548,-0.235336542,1,2,0.602,0.078459585,0.021791964,49.76399191,0.295999331,2.274164706,2.107881699,1.266574941,1.024514643,0
cecrin,91,NA,0.550778659,-5.440465131,2.1548466,1,2,0.318,0.404876531,NA,NA,NA,NA,1.666167379,NA,1.001940389,0
hassfl,92,-5.677204875,0.565203238,-1.128442769,0.046673019,1,2,0.53,0.088973732,0.02283,47.30151595,0.282948333,2.760411463,3.341640064,1.404079511,1.219740642,0
sponmo,93,NA,0.423442397,-2.273922527,1.344550724,1,2,0.391,0.246039392,0.029348,42.98718813,0.207503648,1.793234458,1.816453146,1.284422258,1.237907552,0
ingama,94,-37.47733971,0.485748274,-2.460920726,-0.157255294,1,2,0.552,0.20865816,0.2642625,52.23083839,0.375970599,2.750067779,2.915314347,1.084289568,1.433741001,0
allops,95,NA,0.534386981,-1.05262931,0.764874134,1,2,0.513,0.142703977,0.044868,34.56457131,0.292423557,3.493881335,3.439972726,1.733805545,1.356441949,#N/A
virosp,96,NA,0.447981976,-0.857114948,2.290311143,1,3,0.458,0.130382943,0.95484,53.33782873,0.254052377,1.926268277,1.921700561,0.770533085,0.787464391,1
sympgl,97,8.722784196,0.54475073,-0.962915831,0.072856659,1,2,0.6,0.10217412,3.68485,57.89422984,0.308711516,1.700774596,1.785449783,0.613802512,0.677806425,0
guetfo,98,6.022784505,0.61838453,0.865580373,0.415534413,3,1,0.725,0.082438596,NA,38.49179591,0.300435732,2.260974896,NA,0.119478739,NA,0
mar1la,99,NA,0.672906679,0.990052393,1.234310559,3,3,0.655,0.086020915,0.014163333,45.99092748,0.33165832,1.839183191,NA,0.804922524,NA,0
ficutr,100,NA,NA,NA,NA,NA,NA,NA,0.173770274,NA,NA,NA,NA,1.786372138,NA,1.394273157,0
aspicr,101,15.3228314,0.770147174,1.797630192,1.315855429,3,1,0.753,0.064361712,0.54305,92.7174646,0.384435098,1.575215029,1.504607373,0.562171791,0.609696237,1
dendar,102,NA,0.411094288,-1.476951108,1.567220417,1,3,0.421,0.101685796,0.014401667,65.46414925,0.256135146,2.06537999,2.044150615,1.051230184,NA,1
theoca,103,NA,0.412669457,0.908233209,1.671788651,3,3,0.42,0.09705381,1.55781,45.82490447,0.36212637,1.922642341,NA,1.049997488,NA,0
andiin,104,11.92283128,0.683158317,2.267530684,0.435258264,3,1,0.642,0.063509922,2.612966667,45.17869184,0.339084032,2.775601078,2.991353391,1.012934113,1.557429057,0
ingas1,105,3.322675738,0.321315789,0.129350528,0.9400932,2,3,0.581,0.15776015,NA,47.66721254,0.429337813,3.042106969,3.000245536,0.991037205,1.014101695,0
diptpa,106,NA,0.877632683,0.188696358,2.511302383,2,3,0.848,0.099871533,1.743359286,34.81119353,0.309373479,2.820750158,2.796765531,1.647601423,1.563200319,0
ast2gr,107,NA,0.80817686,0.433243756,2.100520268,2,3,0.868,0.161011279,0.02864,35.06405934,0.348677633,3.125928321,2.665878244,1.624281787,1.288371433,#N/A
hirtam,108,NA,0.755267136,0.141578953,-0.216870155,2,5,0.782,0.096098597,0.28392,67.31849854,0.388735161,1.63393595,1.499367922,0.698386154,0.64880492,1
ficuob,109,NA,0.410455907,NA,NA,NA,NA,NA,0.074914123,0.000497917,53.94470668,0.234271454,2.056731656,1.348659426,2.497970623,0.8602916,1
tropra,110,7.022814302,0.631037454,1.276223011,-1.122270981,3,1,0.659,0.080855997,NA,45.09440324,0.327803322,2.827827826,2.371052707,1.439203227,1.228481324,1
protpa,111,12.82278012,0.446987105,0.813447187,-0.613942259,3,1,0.452,0.089581403,0.16223,64.70555181,0.404612081,1.638630864,1.864896536,0.937495212,1.056452704,0
ficuto,112,NA,0.357471104,-0.604990451,0.483476398,2,5,0.424,0.096381206,NA,76.27182138,0.265508266,1.829946567,NA,1.103046694,NA,0
unonpi,113,-3.577284794,0.42829045,-0.177075205,0.112121342,2,5,0.368,0.122235573,1.22641,50.3202967,0.35715865,2.121845982,2.179131807,0.914850008,0.9979912,0
maquco,114,16.72274177,0.643463725,1.163792916,0.09177442,3,1,0.766,0.095311405,0.439616,57.20386604,0.327286118,2.396704375,NA,0.895948541,NA,0
gar2ma,115,4.722808892,0.649363441,0.465591085,-1.257324822,2,4,0.727,0.073940624,5.694656,105.1247471,0.404231909,1.277520794,1.310562156,0.552734258,0.70308795,0
macrgl,116,NA,0.514268281,1.18127811,1.078784048,3,1,0.45,0.086669885,NA,49.27270976,0.211155627,2.364790214,2.176872276,0.991833174,1.160535675,0
randar,117,7.822809827,0.642794245,1.298116225,0.035030898,3,1,0.668,0.07618039,0.1138534,46.38281476,0.301384464,3.27812118,2.890943068,1.030330785,0.972096506,0
cespma,118,NA,0.592180458,-0.642877601,1.896403606,2,3,0.613,0.043093114,0.000192,NA,NA,NA,NA,NA,NA,1
cordla,119,-5.877294845,NA,-0.193190173,0.009298511,2,5,0.397,0.131494769,0.047775,60.4630254,0.358542993,2.669516668,2.40377745,0.990840192,0.884515508,1
picrla,120,1.222832242,0.698526003,0.613019916,-1.183310747,2,4,0.584,0.082203902,0.04287,58.66486851,0.383296379,2.210587025,2.21083951,1.12269635,1.081540515,0
cupala,121,NA,0.55386457,-0.282834152,1.156779013,2,3,0.609,0.140112364,0.18114,70.38098449,0.379268444,1.659801912,1.901243829,0.97437305,1.403402712,1
zantse,122,NA,0.598394854,-0.279637739,1.818462814,2,3,0.469,NaN,NA,NA,NA,NA,3.143287657,NA,1.623597659,0
xyl1ma,123,16.52270285,0.840426465,1.27409141,1.54505366,3,3,0.874,0.118379999,0.151808333,66.99383132,0.416234176,2.21680457,1.782776794,0.857405917,0.910375718,0
geniam,124,NA,0.68095339,1.204791174,1.12977935,3,1,0.632,0.051682873,0.13466875,35.4911216,0.252989923,1.878400319,1.862549123,0.978819015,1.18646381,0
ingasp,125,NA,0.500803577,-1.118465555,1.396111577,1,3,0.581,0.192643398,NA,62.95154609,0.378641654,2.862732645,2.845863169,0.922150955,0.969815585,0
hampap,126,NA,0.287770868,-4.128788522,-0.095325895,1,2,0.245,0.385061991,NA,47.08923354,0.251340543,2.697340865,2.41326152,1.529012592,1.436986936,0
perexa,127,8.822753757,0.622942733,0.533156983,1.069046519,2,3,0.56,0.098407827,0.134525,53.67498314,0.348751894,1.807765078,1.535067797,0.814555697,0.804831571,0
sapisp,128,NA,0.478756477,-0.439240872,1.848039434,2,3,0.413,0.156859669,NA,38.66037312,0.18307019,2.87009573,2.18423152,2.87249037,1.681630074,0
sipapa,129,-16.37723408,0.45756465,0.455754193,0.762461389,2,3,0.656,0.153020571,NA,51.37109463,0.192172487,2.43148303,NA,1.214853188,NA,1
myrcga,130,NA,0.658500333,0.003038447,-0.261617734,2,5,0.814,0.141241221,0.113346667,66.27638489,0.368315989,1.595318716,NA,0.637077857,NA,0
nectci,131,-11.47730065,0.421057446,-0.40378858,1.948569728,2,3,0.59,0.14926944,NA,71.05217152,0.38540629,2.053973134,2.081412876,0.742936067,0.867550716,0
ficuma,132,NA,0.373133921,-0.716109905,2.071743964,2,3,0.36,0.167423392,NA,41.69476287,0.256611407,2.543440373,2.287343957,1.183734356,1.182733188,1
maytsc,133,NA,0.743754107,1.167763571,1.468891091,3,3,0.71,0.062838826,NA,89.38065755,0.35333206,1.894426108,NA,0.715596878,NA,0
phoeci,134,NA,0.523751809,-0.951914054,1.440462135,1,3,0.472,0.200524927,0.068755,51.78129917,0.33963825,2.13035202,2.076956987,1.043741438,1.259304468,0
licahy,135,14.22278563,0.835924446,1.946493286,-0.232984092,3,1,0.909,0.072125025,0.142525,60.93504158,0.442436545,1.950326983,2.071655297,0.616688248,0.695741993,1
tachve,136,-4.977190514,0.582163046,-0.820870722,-0.206920444,1,2,0.557,0.08840335,0.11515375,44.92582603,0.394030515,3.232291589,2.867667062,0.738307468,1.302645129,0
protco,137,3.6227051,0.452363394,-0.292814366,-0.445863681,2,5,0.576,0.131243566,NA,45.92324118,0.383253621,2.266736031,2.169842181,1.251706546,1.196341428,0
laciag,138,-0.777176296,0.557674722,0.484667493,-1.318791561,2,4,0.505,0.080519458,0.03766,51.07086665,0.265703675,2.137146664,2.424680978,0.940298886,1.515379795,1
psidfr,139,NA,0.737368862,2.372273017,-0.04118916,3,1,0.81,0.080716827,0.007216667,43.8140192,0.281376208,2.088618838,1.729928987,1.03773026,0.82756408,0
celtsc,140,NA,0.57882696,-0.685050926,1.356489925,2,3,0.616,0.101458215,NA,51.54248146,0.376338614,2.546560734,2.865956505,1.131679646,1.619370536,0
nects1,141,NA,NA,-0.912943282,0.62633687,1,2,0.572,NaN,NA,64.90222522,0.337660178,2.338857638,NA,0.928278359,NA,0
ormocr,142,NA,0.622173181,2.092951393,2.121437914,3,3,0.625,0.085802753,0.522468,73.97729827,0.394395907,1.811123133,1.78359372,0.594210932,0.607840296,0
apeihy,143,NA,NA,NA,NA,NA,NA,NA,NaN,NA,NA,NA,NA,NA,NA,NA,0
ficupo,144,NA,0.553733645,NA,NA,NA,NA,NA,NaN,0.000215,NA,NA,NA,2.155873965,NA,1.168129826,0
turpoc,145,NA,0.406660348,-2.765408702,0.754331351,1,2,0.355,0.334718508,0.007463333,38.3513149,0.223756975,2.629854527,1.977508713,1.277291781,0.963003342,0
ery1co,146,NA,0.500062845,-0.168999259,-0.858048856,2,4,0.288,0.07364519,NA,19.38637896,0.176989917,3.664874764,NA,2.38985878,NA,0
tremsp,147,NA,NA,NA,NA,NA,NA,NA,0.505647571,NA,NA,NA,NA,NA,NA,NA,0
ade1tr,148,-24.27725458,0.647727905,-0.692184416,-0.404221877,2,5,0.604,0.159026424,NA,37.58647386,0.329653449,2.969094191,2.862484016,1.393658478,1.323367763,#N/A
ingasa,149,-10.57727291,0.61227693,-0.965766923,0.614164337,1,2,0.581,0.170971537,0.734724,51.31771185,0.36398677,4.166845774,3.700255838,2.175183726,1.36531175,0
ocotce,150,-17.77720478,0.610495929,0.670167905,0.740494452,2,5,0.454,0.146651865,0.074365,61.71330636,0.366378873,3.184158539,3.637793582,1.086764846,1.329074939,0
guargr,151,NA,0.579283823,0.743201911,1.27728438,2,3,0.545,0.106845466,0.397903333,43.83007417,0.251613733,3.174429202,3.472402237,1.723435743,2.152411357,0
ingapu,152,NA,0.500448708,-1.698094126,0.63461391,1,2,0.56,0.251563373,0.43736,73.31235484,0.430240521,2.500800791,2.813013435,0.949187305,1.072771442,0
nectgl,153,NA,0.360426536,-1.263547349,0.317978972,1,2,0.572,0.171412312,NA,55.5502039,0.356591357,2.344999007,2.660839814,1.052530844,1.551483816,0
swars2,154,NA,0.783510667,NA,NA,NA,NA,NA,0.049963665,1.6963725,87.78377163,0.443012854,2.912148576,2.888144382,0.745329234,0.94598106,0
micoar,155,-52.67740089,0.696562594,-3.401636853,-0.950569121,1,2,0.589,0.223624812,NA,56.4733648,0.285984778,2.063283738,2.052419985,0.843790727,0.934479805,0
ficuc2,156,NA,NA,NA,NA,NA,NA,NA,0.146127491,NA,NA,NA,NA,1.72048649,NA,1.152168226,0
ficuin,157,NA,0.33596969,-1.34145535,1.054571979,1,2,0.377,0.214762717,0.001085,62.02392548,0.248660816,2.426160586,NA,1.340333005,NA,0
ormoma,158,NA,0.649869585,2.656425618,1.461679535,3,1,0.59,0.081078496,0.328155,49.94701859,0.322402418,2.431049347,2.423731089,0.885032035,1.044797219,1
termam,159,NA,0.665053959,0.294285302,2.606784489,2,3,0.674,0.180984687,0.00209,59.7084417,0.361216258,2.554234356,1.801414281,1.073067492,1.18849016,0
tri2pa,160,-0.077245483,0.57316595,0.315230818,0.386009808,2,5,0.698,0.104510874,0.07541375,50.86817262,0.328783635,2.849838016,3.035747346,1.767482549,1.69939901,0
ficubu,161,NA,0.436599741,NA,NA,NA,NA,NA,0.237656368,NA,21.91503709,0.18422413,2.562994874,NA,1.696075169,NA,0
tet4jo,162,NA,0.590028523,-1.225201641,2.031654309,1,3,0.62,NaN,NA,NA,NA,NA,2.17629391,NA,1.602408221,0
pse1se,163,NA,0.295551095,-1.700984798,1.482875436,1,2,0.212,0.214474161,0.094815,46.26507829,0.175107839,1.814230561,2.049498371,1.398341085,1.137998159,1
tocopi,164,NA,0.635174452,-0.20246296,2.468665631,2,3,0.62,0.115898407,1.285092292,52.3713194,0.218504523,2.208277711,2.343527277,1.352347995,1.076210158,0
sch2mo,165,NA,0.388236479,-0.59496898,1.185472049,2,3,0.454,NaN,NA,NA,NA,NA,NA,NA,NA,0
pochse,166,NA,0.475417008,0.477777458,2.062123292,2,3,0.42,0.075536875,0.2346,52.14654979,0.283582724,2.413551944,2.293613911,1.133182151,1.276524924,0
ocotpu,167,-20.07727517,0.389102896,-1.564362633,1.066245269,1,2,0.432,0.198509272,0.0987,49.35940661,0.336422339,2.47875237,3.131779113,0.91466909,1.174547891,0
cupasy,168,9.5227774,0.66539857,3.423106565,1.171344698,3,1,0.609,0.091179795,0.237644,54.78759272,0.399142761,2.548539185,2.807833834,1.475313914,1.71776165,0
ingami,169,NA,0.457979205,-1.161422696,0.605639032,1,2,0.425,0.068115364,NA,NA,NA,NA,3.073365706,NA,1.344156334,0
ingaru,170,NA,0.606474897,-0.755575565,0.413266073,1,2,0.581,0.163065738,NA,57.90627107,0.392627798,2.720990779,NA,1.299651904,NA,0
cuparu,171,NA,0.60424764,1.449624368,0.816786998,3,1,0.609,0.113202967,0.602953333,64.5838016,0.368286815,1.948120481,1.703397527,1.115641473,0.930535699,0
poutfo,172,NA,NA,0.127240938,2.313249203,2,3,0.714,0.069018427,NA,59.22679254,0.368198238,2.297662884,2.295592968,0.869118676,0.88729555,0
vochfe,173,NA,0.388750068,-1.726393425,1.284648942,1,2,0.41,0.342243138,0.007367,60.04559612,0.288107048,1.813681261,1.836612241,0.689838601,0.788417396,1
ast1st,174,NA,NA,NA,NA,NA,NA,NA,0.080915672,3.278908,33.71544167,0.363969432,3.340657122,NA,1.412129731,NA,#N/A
cou2cu,175,10.52277239,0.622066058,1.075374795,0.003041147,3,1,0.618,0.086015188,0.042151,45.34726905,0.238512836,2.526224257,NA,1.087599448,NA,1
micoho,176,NA,0.589611472,-0.554203644,0.917681532,2,3,0.619,0.156748791,NA,63.90200045,0.274285713,1.597935801,1.79886617,0.790977117,0.762365405,0
coccco,177,NA,0.788537241,2.262755932,-0.224821629,3,1,0.672,0.067186249,NA,37.46160186,0.244852865,2.912174175,2.485271931,1.307165171,1.086322099,0
spacme,178,NA,NA,0.447683322,0.939716336,2,3,0.595,NaN,0.004165,49.33692965,0.238584134,2.956899818,2.58036177,1.580092468,1.495159477,0
micoel,179,NA,0.69720642,-0.820779733,-0.480566194,1,2,0.47,0.118932939,NA,70.4777603,0.313260639,2.327225155,NA,0.676185561,NA,0
cupaci,180,NA,0.500160142,0.036652484,0.045666049,2,5,0.5,0.227697039,0.315865,69.79096426,0.355185431,2.159362615,2.220870972,1.233412243,1.587030194,0
eugega,181,13.92279804,0.6362659,1.923440027,-1.386405433,3,1,0.726,0.078262699,0.1801,63.76713868,0.359013468,2.046425211,1.849847467,0.828273005,0.811435009,0
tri4ga,182,NA,0.296052163,-2.37959649,0.194081592,1,2,0.27,0.346027622,0.001345,NA,NA,NA,NA,NA,NA,0
laetpr,183,NA,0.577446594,-1.234955844,2.017557312,1,3,0.647,0.205573611,NA,45.34726905,0.342023664,2.637358392,1.985028662,1.15816428,0.940552111,0
lafopu,184,NA,0.673760774,-0.756923739,2.488593915,1,3,0.705,NaN,0.006833333,78.44459429,0.427772695,2.265523931,2.030874819,1.217592454,1.141290013,0
entesc,185,NA,0.635958549,-0.055596238,2.423956014,2,3,0.699,0.118674451,0.0951,NA,0.379925201,3.253319572,3.140553588,0.269294746,1.02862926,0
pterof,186,NA,0.525703965,-1.131140086,0.713380649,1,2,0.38,0.110034681,NA,NA,NA,NA,NA,NA,NA,0
cedrod,187,NA,0.477733938,-2.262625656,0.439360475,1,2,0.446,0.128248929,NA,35.62598337,0.289021006,3.667210057,NA,2.18314704,NA,1
ingaqu,188,6.022754335,0.644915862,0.513779876,0.569308312,2,5,0.56,0.10027207,0.28583,60.94467457,0.392979978,2.527553174,2.735148064,1.00411487,0.989148402,0
pourbi,189,NA,0.357420061,-1.264344185,1.535557399,1,3,0.353,0.24209934,0.211804,62.5234135,0.275704144,2.096902811,1.876979043,0.953673864,0.86527772,0
pit1ma,190,NA,NA,-0.33793856,1.939380854,2,3,0.438,0.225501628,NA,NA,NA,NA,2.339490891,NA,0.784930429,0
ingaun,191,NA,NA,NA,NA,NA,NA,NA,0.209227152,NA,NA,NA,NA,NA,NA,NA,0
ingath,192,NA,0.494264635,-0.468169811,1.47518429,2,3,0.581,0.349685454,0.262625,77.47059264,0.383770631,2.714454914,2.676749073,0.846626531,0.913834373,0
pochqu,193,NA,0.388336249,-0.7807467,1.326770487,1,3,0.584,NaN,NA,65.18318723,0.240459937,2.052511083,NA,1.316846161,NA,0
alchla,194,NA,0.451820767,-0.383890663,1.226569376,2,3,0.42,0.034045081,NA,40.79568442,0.330757034,2.048542055,NA,1.066146515,NA,#N/A
sipacr,195,NA,NA,NA,NA,NA,NA,NA,0.079741614,NA,NA,NA,NA,NA,NA,NA,0
ochrpy,196,NA,0.191380633,-2.504240094,0.968335532,1,2,0.158,0.356011,NA,NA,NA,NA,2.323530317,NA,1.577506202,0
psycde,197,NA,0.548433732,-0.391767049,-2.605521554,2,4,0.48,0.101186141,0.003506,42.79051472,0.259141456,2.906967163,NA,0.997989921,NA,0
ardife,198,NA,NA,2.392431671,0.290279471,3,1,0.599,0.079176637,0.05228,67.11416253,0.260997134,1.456682617,NA,0.741925636,NA,1
psycho,199,NA,0.646169179,0.851089697,-2.762042726,3,4,0.525,0.063774747,0.005558,47.76354237,0.241049263,1.888466561,NA,1.247337103,NA,0
acaldi,200,-37.07727581,0.50129168,-1.965849955,-0.620495572,1,2,0.3,0.17702858,NA,41.56364726,0.329436168,2.415581882,NA,1.347997131,NA,#N/A
pentma,201,-3.177141984,0.454377134,1.743283387,-1.522934723,3,1,0.636,0.053570336,0.008308125,65.18318723,0.197452696,1.837839484,NA,0.792994152,NA,0
annoac,202,4.722822817,0.645087275,1.820645656,-1.712388011,3,1,0.518,0.08045164,0.045841667,53.04562823,0.314622075,2.373655012,2.2196226,1.139146619,1.034644895,#N/A
oenoma,203,NA,NA,NA,NA,NA,NA,NA,0.102873102,2.012124,63.04787593,0.4756092,1.87744725,NA,0.983546124,NA,0
psycma,204,NA,0.58950007,0.64574633,-3.372646582,2,4,0.525,0.083863865,0.010278,57.76579007,0.264481114,1.675318277,NA,0.946161106,NA,0
taline,205,18.72285706,0.663137474,3.528671334,-0.548243313,3,1,0.85,0.046802508,0.748745,81.16992583,0.553495679,1.71342766,NA,0.808095646,NA,0
soroaf,206,10.22279176,0.645791121,1.344728873,-0.374953157,3,1,0.608,0.07129567,0.131028,47.37019555,0.365199028,2.462976933,NA,1.083062068,NA,0
talipr,207,11.92284056,0.725307436,3.414085898,-0.39868563,3,1,0.85,0.059225451,0.75322,69.29459804,0.484386153,1.861827044,NA,1.410216114,NA,0
malmsp,208,20.12277438,0.729503564,3.039452607,0.471190459,3,1,0.565,0.075340443,0.35094,67.71695376,0.399312527,2.324028566,NA,0.870552326,NA,0
caseac,209,0.42281351,0.689971211,1.58931259,-0.25300332,3,1,0.66,0.084611954,0.006875,50.79793212,0.303225227,3.411537939,2.677499586,1.326946193,0.798049367,#N/A
olmeas,210,-27.97721444,0.475464913,-1.199225097,0.492809462,1,2,0.47,0.173349184,0.0341,40.81611802,0.295193913,2.260565483,2.183145296,1.439044283,1.325706169,1
ingaum,211,7.622782517,0.664721724,0.73126131,-0.322411858,2,5,0.724,0.095972229,0.458768333,56.74308833,0.429383638,3.112275159,NA,0.799956014,NA,0
rinosy,212,9.722851126,0.673176527,2.659921327,-1.419482381,3,1,0.671,0.058983641,NA,49.31819885,0.338283029,3.557575773,NA,1.280718465,NA,0
cappfr,213,11.62285529,0.632941284,4.165007585,-0.634081204,3,1,0.754,0.041348884,0.126085093,72.30838391,0.418362681,2.865384326,NA,1.172893338,NA,#N/A
stylst,214,1.822830626,0.569245822,1.903026561,-1.156965077,3,1,0.482,0.075380518,0.06746,97.63991908,0.305172044,1.30946254,NA,0.734758378,NA,0
ery2pa,215,9.622832829,0.703274947,1.652114184,-1.287767072,3,1,0.72,0.071454991,0.027892,45.81928523,0.351672214,2.37450221,2.421083311,1.061373346,NA,0
herrpu,216,14.22277867,0.307970769,2.466541874,-0.134421179,3,1,0.476,0.079087268,0.244513,36.97460103,0.335773456,2.231283611,NA,1.087052637,NA,0
laetth,217,-1.377228058,0.726633857,0.204802128,-0.782672442,2,4,0.66,0.108546539,0.01273875,65.04015203,0.325295093,2.47815471,NA,0.86368985,NA,0
ery2ma,218,-9.877154111,0.643069929,0.230544131,-1.67182837,2,4,0.71,0.09621095,NA,90.38547988,0.375231046,1.94761099,NA,0.678204667,0.793294624,0
bactc1,219,NA,NA,NA,NA,NA,NA,NA,0.010631718,0.4023925,NA,NA,NA,NA,NA,NA,#N/A
alibed,220,9.822809083,0.788040125,2.063166177,-1.639176124,3,1,0.76,0.08079427,0.01922,60.38129099,0.35936119,2.07668166,NA,0.868502027,NA,#N/A
psycg3,221,NA,0.502394858,-0.832180116,-1.861848913,1,4,0.295,0.136022982,0.015468,56.25483879,0.206802511,1.870599843,NA,0.806847299,NA,0
chr1ec,222,12.72283144,0.506946157,2.405889438,-0.641675811,3,1,0.43,0.055415756,0.149514,87.94111036,0.265067851,1.294143677,NA,0.513406312,NA,0
cestme,223,-38.27719135,0.424325287,-1.657911544,-2.10232921,1,4,0.736,0.114499465,0.0189775,51.51719488,0.260776514,2.096497889,NA,1.109358868,NA,0
coccma,224,9.722809352,0.716341182,3.225622189,0.291170296,3,1,0.672,0.068159389,0.028504,66.26616809,0.402757531,1.833167392,NA,0.676612136,NA,1
bactba,225,NA,NA,NA,NA,NA,NA,NA,0.024965247,NA,NA,NA,NA,NA,NA,NA,#N/A
heisac,226,NA,0.682125856,1.023013266,0.826109661,3,1,0.696,0.074574634,0.046568889,71.10893153,0.372530652,1.431272372,NA,0.728669719,NA,0
pipeco,227,NA,0.373149562,1.51425421,-4.653048724,3,4,0.383,0.048643438,0.002175,71.02719712,0.207239817,2.302774429,NA,0.883227625,NA,0
vismba,228,NA,0.531295827,-1.176801699,-0.124565548,1,2,0.43,0.160942039,NA,59.00202293,0.268798749,1.792079693,1.515282567,0.994435567,0.9784959,0
sennda,229,NA,0.494765154,-2.902250609,-1.144612065,1,2,0.631,0.211809523,NA,51.58462576,0.29362522,3.058651231,NA,1.280554559,NA,0
pipeae,230,NA,0.436323164,-0.223944747,-1.831558328,2,4,0.383,0.080155218,NA,52.25893459,0.255296612,2.361410015,NA,0.772651355,NA,0
quasam,231,15.02281132,0.526503508,1.914504728,0.106194896,3,1,0.47,0.062128122,0.33077,53.33595565,0.346333783,2.148268461,NA,1.100622178,NA,0
conoci,232,NA,0.606171815,-0.790499958,-2.512635103,1,4,0.671,0.114657588,NA,38.99752753,0.267091353,1.945256088,NA,NA,NA,0
nectpu,233,NA,0.51347036,-0.325149773,1.211876217,2,3,0.559,0.147103898,0.337395,86.57376189,0.448249589,1.85542996,1.896193534,0.718336554,0.744576931,0
pipea1,234,NA,0.358594647,-0.83222904,-0.800131828,1,2,0.383,0.112933987,NA,40.71139582,0.192286242,2.812915683,NA,0.997508708,NA,0
socrex,235,NA,NA,NA,NA,NA,NA,NA,0.089743366,5.2349,NA,NA,NA,NA,NA,NA,0
aphesi,236,NA,0.566005737,-0.749558524,-0.202721306,2,5,0.652,0.119002425,NA,31.69251517,0.205231605,2.741263016,NA,1.030738682,NA,0
pipecu,237,NA,0.342316821,-1.652930125,-0.93002074,1,2,0.383,0.171040832,NA,39.55945156,0.228600258,2.896196365,NA,0.636589729,NA,0
thevah,238,NA,0.45702219,-0.485686155,0.130395391,2,5,0.606,0.105543075,0.368683,39.99650358,0.174318725,2.034025545,1.36837501,1.267989777,0.942718861,0
geonin,239,NA,NA,NA,NA,NA,NA,NA,NaN,0.033825,NA,NA,NA,NA,NA,NA,0
hameax,240,NA,0.457071168,-0.443452389,-1.861238087,2,4,0.618,0.119979365,NA,34.2492695,0.183753738,2.85473716,NA,1.336134691,NA,0
pipere,241,NA,0.292785407,-0.057034928,0.174402289,2,5,0.33,0.137542637,NA,49.99518351,0.299910013,2.579423428,2.393316984,1.516281308,1.023135891,0
psycpi,242,NA,NA,-0.436510282,-1.16152006,2,4,0.525,0.081855511,0.00112,41.35760845,0.269975533,2.589064837,NA,0.908675871,NA,0
clidoc,243,NA,NA,-3.342407933,-2.081079385,1,2,0.671,0.170846355,NA,30.96201394,0.274715513,2.168006088,2.114026546,0.91419181,0.920367794,0
bactma,244,NA,NA,NA,NA,NA,NA,NA,0.029561565,2.26604,NA,NA,NA,NA,NA,NA,0
malpro,245,NA,NA,2.011592512,-2.369232935,3,4,0.569,0.051750301,NA,44.07357459,0.228956025,3.749670107,NA,1.451285143,NA,0
pipeca,246,NA,0.491548596,-0.846812784,-0.53240334,1,2,0.383,0.030562193,NA,29.44481906,0.193707356,4.20155828,NA,2.676313482,NA,0
micoaf,247,-14.77735675,0.570413915,-1.619400354,-0.95570602,1,2,0.619,0.198095619,NA,46.24634749,0.310543521,2.02394467,NA,0.642109293,NA,0
pipepe,248,NA,0.487719821,1.977845146,-3.733131444,3,4,0.383,0.043547965,NA,44.11906367,0.243514926,2.392599583,NA,1.004064282,NA,0
neeaam,249,NA,NA,2.280054516,-2.644618574,3,4,0.63,0.050988092,0.0540525,41.69476287,0.184287835,3.514359934,NA,1.118378726,NA,0
randfo,250,NA,NA,0.244621353,0.630613755,2,5,0.636,0.032729011,0.055175,44.50438301,0.313383751,2.9175661,NA,1.010888256,NA,0
xyl2ol,251,2.32282928,NA,-0.11595775,-0.467265014,2,5,0.719,0.055443325,NA,40.20566419,0.293257098,2.57427192,NA,1.325567526,NA,0
ardiba,252,NA,NA,0.384556535,-0.848811775,2,4,0.599,0.087438292,0.045635,82.73769386,0.29343791,1.209058069,NA,0.485611817,NA,#N/A
brosgu,253,NA,0.747710678,0.712370239,0.758790849,2,3,0.844,0.129024907,NA,47.65115756,0.364039053,2.503108211,NA,0.958929722,NA,0
margno,254,NA,0.663259415,-0.661156721,1.16843906,2,3,0.596,0.143040896,NA,48.10069679,0.335902231,2.569350961,2.821450341,1.287954763,1.40979349,0
casegu,255,NA,0.692559465,1.743750275,-0.194962183,3,1,0.755,0.058284153,0.004158333,38.3856547,0.272749393,2.507784075,NA,1.106076414,NA,#N/A
bactc2,256,NA,NA,NA,NA,NA,NA,NA,0,0.086828333,NA,NA,NA,NA,NA,NA,0
psycli,257,NA,0.376676852,0.936230732,-2.3862112,3,4,0.525,0.081726427,0.00939,43.71768937,0.165046673,2.364368675,NA,1.489408782,NA,0
solast,258,NA,0.362340637,-1.302263437,-0.028538366,1,2,0.422,0.161744825,NA,33.49067206,0.248714429,4.070364475,NA,1.11015458,NA,0
psycch,259,NA,0.595102397,-0.011540837,-1.391046454,2,4,0.525,0.074136938,0.013004,42.57136435,0.177735337,1.96466703,NA,0.757584074,NA,0
chimpa,260,NA,0.778364757,-0.748309407,1.776653453,2,3,0.712,0.166063665,NA,49.22454484,0.242300135,2.463778236,2.350140076,1.074119997,0.854406997,0
lozapi,261,NA,0.420686341,-1.741612953,-0.663058073,1,2,0.509,0.033907185,NA,49.22454484,0.228153671,1.58760179,NA,0.634650897,NA,0
conobr,262,NA,NA,-1.415711954,0.033724208,1,2,0.671,0.194805332,NA,41.58237806,0.291109163,1.782117162,NA,0.795936563,NA,#N/A
bertgu,263,NA,NA,NA,NA,NA,NA,NA,0.011212804,NA,NA,NA,NA,NA,NA,NA,#N/A
pit1ru,264,NA,0.676833515,-0.335832076,1.210200268,2,3,0.678,0.045324094,0.378218667,59.84490897,0.411586129,2.661570787,NA,1.011358152,NA,1
cnempe,265,NA,NA,NA,NA,NA,NA,NA,NaN,NA,NA,NA,NA,NA,NA,NA,#N/A
micoim,266,NA,0.578462557,0.4361513,-0.588742835,2,5,0.747,0.083890038,NA,55.06855473,0.299469395,1.759309765,NA,0.801253557,NA,1
cha1te,267,NA,NA,NA,NA,NA,NA,NA,0.010667836,0.245269375,NA,NA,NA,NA,NA,NA,0
micone,268,NA,0.47632964,-1.651442705,-2.815481624,1,4,0.619,0.120310369,NA,38.81771185,0.328725762,2.208858095,NA,0.914278731,NA,1
lycima,269,NA,NA,NA,NA,NA,NA,NA,NaN,0.0061475,NA,NA,NA,NA,NA,NA,0
pipeim,270,NA,NA,NA,NA,NA,NA,NA,0.039045149,NA,NA,NA,NA,NA,NA,NA,0
protsp,271,NA,NA,0.574600194,0.405663558,2,5,0.576,0.06873784,NA,49.92382808,0.424513449,1.940604266,NA,0.830902577,NA,0
couthe,272,NA,0.612656967,-0.03055177,1.260138437,2,3,0.6,0.041178761,NA,27.81523938,0.220184386,3.290673716,2.216682546,0.894519805,0.718600251,0
appuse,273,NA,NA,0.398404619,-0.161347016,2,5,0.558,0.03394857,NA,26.41042931,0.219538283,3.058669686,NA,1.017006816,NA,0
clidde,274,NA,0.638701299,-3.156509492,-2.058673161,1,2,0.671,0.139701116,NA,33.82782648,0.349359594,1.855165585,2.06082653,0.88873081,1.084873008,0
acalma,275,NA,0.404127546,-2.292844925,-0.688486442,1,2,0.3,0.229624096,NA,30.39384631,0.210595748,4.202644393,4.155599117,2.003796335,2.169116489,0
urerba,276,NA,NA,-2.683012754,-1.118483596,1,2,0.275,0.139701116,NA,29.9393122,0.120200037,4.143469086,NA,2.895613678,NA,0
psycg2,277,NA,NA,NA,NA,NA,NA,NA,0.022152413,NA,59.56394695,0.266920254,1.506710887,NA,0.937500701,NA,1
vismbi,278,NA,0.461491043,-0.357386954,0.337643495,2,5,0.491,0.109189082,NA,52.89578182,0.289162924,1.858650522,NA,1.017679102,NA,0
stemgr,279,NA,0.482626224,NA,NA,NA,NA,NA,NaN,0.028116667,28.09620139,0.173319051,NA,NA,NA,NA,0
acacme,280,NA,NA,0.239796805,1.099479084,2,3,0.678,0.181354492,NA,NA,0.336027132,3.496527127,NA,1.564697053,NA,#N/A
ormoam,281,NA,0.64945081,0.608369416,0.827546267,2,3,0.59,0,0.39428,87.88491796,0.428852997,1.667371,NA,0.618808499,NA,0
tri1gi,282,NA,0.541938859,-0.398055951,-0.382686676,2,5,0.45,0.132646415,NA,37.23683225,0.168842054,2.897016808,NA,1.629469197,NA,0
psycfu,283,NA,NA,NA,NA,NA,NA,NA,NaN,0.012426667,NA,NA,NA,NA,NA,NA,0
cha2sc,284,11.22278443,NA,1.849951887,0.312680414,3,1,0.756,0.101027858,NA,66.90982652,0.381354651,1.573967902,1.457638117,0.713377942,0.644282704,0
ternte,285,NA,0.62675041,-0.818860781,1.116004331,1,3,0.618,NaN,NA,NA,NA,NA,NA,NA,NA,0
annoha,286,NA,0.493632181,NA,NA,NA,NA,NA,NaN,0.052980208,NA,NA,NA,NA,NA,NA,#N/A
psycac,287,NA,0.491597907,-1.864570971,-1.841855322,1,2,0.527,0.07684947,0.014916,29.29497265,0.290510123,2.734342575,NA,1.034517353,NA,0
elaeol,288,NA,NA,NA,NA,NA,NA,NA,NaN,NA,NA,NA,NA,NA,NA,NA,0
ardigu,289,NA,NA,0.883073168,-0.525386888,3,1,0.62,0.084403442,NA,59.45156215,0.264560708,1.812380799,NA,0.932009431,NA,#N/A
vismma,290,NA,0.539254394,NA,NA,NA,NA,NA,NaN,NA,NA,NA,NA,NA,NA,NA,0
maclti,291,NA,0.689681551,-0.877151747,1.725930267,1,3,0.792,NaN,NA,NA,NA,NA,2.170486581,NA,1.491239761,1
psycg1,292,NA,NA,-0.819505403,-2.174050533,1,4,0.525,0.119667675,NA,34.2773657,0.198152901,2.171906471,NA,1.363712106,NA,0
cyphha,293,NA,NA,-2.119327916,-1.180393832,1,2,0.422,0.119177881,NA,43.85255114,0.206911549,3.2706734,NA,1.356250978,NA,0
boropa,294,NA,NA,0.334571642,-0.13091213,2,5,0.738,0.015947374,NA,59.67633176,0.402686753,1.799733582,NA,0.676585386,NA,0
nects3,295,NA,NA,NA,NA,NA,NA,NA,NaN,NA,NA,NA,NA,NA,NA,NA,0
caseco,296,NA,0.617290009,1.420059504,0.921061233,3,1,0.63,0.070148542,0.030384167,63.61916536,0.405031391,2.217855286,NA,0.780897573,NA,0
koanwe,297,NA,NA,-0.141877657,-1.029157824,2,4,0.668,0.069930075,NA,NA,NA,NA,NA,NA,NA,0
clidse,298,NA,NA,NA,NA,NA,NA,NA,NaN,NA,29.44481906,0.234154212,1.883879999,NA,0.869244753,NA,1
psycra,299,NA,0.621581137,-0.825666451,-1.047428762,1,4,0.525,0.026105495,0.003340333,34.83928973,0.235884489,3.305585764,NA,1.050597749,NA,0
lopida,300,NA,NA,NA,NA,NA,NA,NA,NaN,NA,NA,NA,NA,NA,NA,NA,0
ingam1,301,NA,0.582073728,-0.178442538,0.477008794,2,5,0.581,0,NA,30.34389751,0.3175369,3.205487927,NA,1.334465619,NA,0
ficuc1,302,NA,NA,NA,NA,NA,NA,NA,NaN,NA,NA,NA,NA,NA,NA,NA,0
anaxpa,303,NA,NA,1.408634797,-0.847706174,3,1,0.53,0.076929362,NA,60.50797932,0.335946473,2.491735481,NA,0.941064671,NA,#N/A
schipa,304,NA,0.49026262,-0.111982312,2.284630433,2,3,0.346,0.182901612,NA,29.75949652,0.272821466,3.852920911,NA,1.397204153,NA,0
solaar,305,NA,NA,NA,NA,NA,NA,NA,NaN,NA,NA,NA,NA,NA,NA,NA,0
xyl2ch,306,NA,NA,NA,NA,NA,NA,NA,NaN,0.0088765,NA,NA,NA,NA,NA,NA,0
uniden,307,NA,NA,NA,NA,NA,NA,NA,NaN,NA,NA,NA,NA,NA,NA,NA,0
hamepa,308,NA,0.39643937,-0.309000288,-0.047965881,2,5,0.763,0.024524135,NA,NA,NA,NA,NA,NA,NA,0
leandi,309,NA,NA,-0.820858153,-0.479000295,1,2,0.671,0.061391838,NA,31.46774556,0.209189926,2.164760799,NA,0.909252933,NA,0
micopr,310,NA,0.504641355,-0.488550086,0.547995412,2,5,0.688,0.260700892,NA,63.04787593,0.328695211,1.823619098,NA,0.63071825,NA,0
banagu,311,NA,0.48080701,-1.553185331,0.360712163,1,2,0.61,0.151247485,NA,NA,NA,NA,NA,NA,NA,0
solaas,312,NA,NA,-2.346475144,-0.968210236,1,2,0.422,0.376305843,NA,NA,NA,NA,3.404263973,NA,1.702131382,0
ficuci,313,NA,NA,NA,NA,NA,NA,NA,0.170747679,NA,21.91503709,0.208387186,2.735661133,NA,1.955058845,NA,0
psycb1,314,NA,NA,NA,NA,NA,NA,NA,0.098387475,NA,NA,NA,NA,NA,NA,NA,0
ficupe,315,NA,NA,NA,NA,NA,NA,NA,0.127886066,NA,NA,NA,NA,NA,NA,NA,0
tremin,316,NA,NA,NA,NA,NA,NA,NA,0.512127875,NA,NA,NA,NA,NA,NA,NA,0
psycps,317,NA,0.52720343,-0.543461324,-0.009730072,2,5,0.525,0.097480432,0.00403,NA,NA,NA,NA,NA,NA,0
cecrlo,318,NA,0.26426833,-2.13129061,0.012319918,1,2,0.336,0.351545789,NA,33.37828726,0.203197979,3.52372533,3.060393382,1.449785544,2.046691986,0
rauvli,319,NA,0.484061113,-0.116001176,-0.006087751,2,5,0.474,0.158910512,NA,31.24297595,0.178241557,2.880483389,NA,1.144378748,NA,0
tremmi,320,NA,0.402906778,-4.417924323,-0.031226935,1,2,0.319,0.525473481,0.0007936,27.98381659,0.244367015,3.222739429,3.437060587,1.496000291,1.671830218,0
verbgi,321,NA,0.238919739,NA,NA,NA,NA,NA,NaN,NA,NA,NA,NA,NA,NA,NA,0
micodo,322,NA,NA,-0.486704802,0.071522512,2,5,0.619,0.123773857,NA,42.48145651,0.286741463,1.921209857,NA,0.81682083,NA,0
carica,323,NA,NA,NA,NA,NA,NA,NA,NaN,NA,NA,NA,NA,NA,NA,NA,#N/A
oreoca,324,NA,NA,NA,NA,NA,NA,NA,NaN,NA,NA,NA,NA,NA,NA,NA,0
cestra,325,NA,NA,NA,NA,NA,NA,NA,NaN,NA,NA,NA,NA,NA,NA,NA,#N/A
pipelo,326,NA,NA,NA,NA,NA,NA,NA,NaN,NA,NA,NA,NA,NA,NA,NA,0
jac2sp,327,NA,0.066561906,NA,NA,NA,NA,NA,NaN,NA,NA,NA,NA,NA,NA,NA,0